All,Indoor,Outdoor
accounting,aquarium,amusement_park
airport,art_gallery,campground
amusement_park,bakery,park
aquarium,bar,stadium
art_gallery,beauty_salon,zoo
atm,book_store,
bakery,bowling_alley,
bank,cafe,
bar,casino,
beauty_salon,clothing_store,
bicycle_store,convenience_store,
book_store,department_store,
bowling_alley,electronics_store,
bus_station,florist,
cafe,furniture_store,
campground,gym,
car_dealer,jewelry_store,
car_rental,library,
car_repair,liquor_store,
car_wash,lodging,
casino,movie_rental,
cemetery,movie_theater,
church,museum,
city_hall,night_club,
clothing_store,pet_store,
convenience_store,restaurant,
courthouse,shoe_store,
dentist,shopping_mall,
department_store,spa,
doctor,store,
electrician,supermarket,
electronics_store,,
embassy,,
fire_station,,
florist,,
funeral_home,,
furniture_store,,
gas_station,,
gym,,
hair_care,,
hardware_store,,
hindu_temple,,
home_goods_store,,
hospital,,
insurance_agency,,
jewelry_store,,
laundry,,
lawyer,,
library,,
liquor_store,,
local_government_office,,
locksmith,,
lodging,,
meal_delivery,,
meal_takeaway,,
mosque,,
movie_rental,,
movie_theater,,
moving_company,,
museum,,
night_club,,
painter,,
park,,
parking,,
pet_store,,
pharmacy,,
physiotherapist,,
plumber,,
police,,
post_office,,
real_estate_agency,,
restaurant,,
roofing_contractor,,
rv_park,,
school,,
shoe_store,,
shopping_mall,,
spa,,
stadium,,
storage,,
store,,
subway_station,,
supermarket,,
synagogue,,
taxi_stand,,
train_station,,
transit_station,,
travel_agency,,
veterinary_care,,
zoo,,